module,ImageLink1,ImageLink2,ImageLink3,ImageLink3.1,ImageLink3.2,ImageLink3.3
ACC1,https://www.petbarn.com.au/media/catalog/product/1/4/146653--Calming_deep_Sleeper_mink_1_13991-1.jpg?optimize=medium&fit=bounds&height=450&width=450&canvas=450:450,https://www.petbarn.com.au/media/catalog/product/1/4/146340--Cat_Memory_Nest_Chinchilla_4_with_Cat-1.jpg?optimize=medium&fit=bounds&height=450&width=450&canvas=450:450,https://www.petbarn.com.au/media/catalog/product/1/4/1463331.jpg?optimize=medium&fit=bounds&height=450&width=450&canvas=450:450,,,
ACC10,https://www.petbarn.com.au/media/catalog/product/2/5/25042_52078_v-box_large_walnut_1.jpg?optimize=medium&fit=bounds&height=450&width=450&canvas=450:450,https://www.petbarn.com.au/media/catalog/product/1/4/142328_All-Day-X-Shaped-Foldable-Cat-Scratch-Charcoal-59x34.5x60cm_Pet-2.jpg?optimize=medium&fit=bounds&height=450&width=450&canvas=450:450,https://www.petbarn.com.au/media/catalog/product/1/4/143363_ALD-CT-SCRTCH-3T-FELT-GY-110cm_Pet.jpg?optimize=medium&fit=bounds&height=450&width=450&canvas=450:450,,,
ACC11,https://www.petbarn.com.au/media/catalog/product/t/o/toy_cat_142123-kitty-tunnel-cat-toy-blue-purple-assorted_1.jpg?optimize=medium&fit=bounds&height=450&width=450&canvas=450:450,,,,,
ACC12,https://www.petbarn.com.au/media/catalog/product/1/4/142125-curly-ribbon-teaser-cat-toy-ad-6987-_1.jpg?optimize=medium&fit=bounds&height=450&width=450&canvas=450:450,https://www.petbarn.com.au/media/catalog/product/1/4/142127_138071_l_b-ct-teaser-plush-squid.jpg?optimize=medium&fit=bounds&height=450&width=450&canvas=450:450,https://www.petbarn.com.au/media/catalog/product/3/2/3219380_Cat-Toy_ALD-CT-TEASR-MICE_3.jpg?optimize=medium&fit=bounds&height=450&width=450&canvas=450:450,,,
ACC3,https://www.petbarn.com.au/media/catalog/product/1/3/13835_11734_1_n_kong-dog-classic-toy.jpg?optimize=medium&fit=bounds&height=450&width=450&canvas=450:450,https://www.petbarn.com.au/media/catalog/product/3/1/31610_kong_puppy.jpg?optimize=medium&fit=bounds&height=450&width=450&canvas=450:450,https://www.petbarn.com.au/media/catalog/product/1/1/118783-KONG-DT-EXTREME-BLK-S-K3-1_5.jpg?optimize=medium&fit=bounds&height=450&width=450&canvas=450:450,,,
ACC4,https://www.petbarn.com.au/media/catalog/product/1/3/138760_138758_138756_expressharness_angle_red_hr_3.jpg?optimize=medium&fit=bounds&height=450&width=450&canvas=450:450,https://www.petbarn.com.au/media/catalog/product/1/3/132665_1_1_1.jpg?optimize=medium&fit=bounds&height=450&width=450&canvas=450:450,https://www.petbarn.com.au/media/catalog/product/1/4/143482_143483_80590_80596_80602_DH_CHEST_PLATE_PURP_1_5.jpg?optimize=medium&fit=bounds&height=450&width=450&canvas=450:450,,,
ACC5,https://www.petbarn.com.au/media/catalog/product/1/4/146394--PwD--Ortho-Calm-Elite-XL.jpg?optimize=medium&fit=bounds&height=450&width=450&canvas=450:450,https://www.petbarn.com.au/media/catalog/product/1/4/146394--PwD--Ortho-Calm-Elite-XL.jpg?optimize=medium&fit=bounds&height=450&width=450&canvas=450:450,https://www.petbarn.com.au/media/catalog/product/1/4/146394--PwD--Ortho-Calm-Elite-XL.jpg?optimize=medium&fit=bounds&height=450&width=450&canvas=450:450,,,
ACC6,https://www.petbarn.com.au/media/catalog/product/1/3/137276_137277_ezydog_denim_chestplate_front_lr_1_1.jpg?optimize=medium&fit=bounds&height=450&width=450&canvas=450:450,https://www.petbarn.com.au/media/catalog/product/1/4/144815-144816-144817-ED-DH-CHEST-PLATE-BLK-DENIM-1.jpg?optimize=medium&fit=bounds&height=450&width=450&canvas=450:450,https://www.petbarn.com.au/media/catalog/product/1/3/138759_138757_138755_expressharness_angle_black_hr_3.jpg?optimize=medium&fit=bounds&height=450&width=450&canvas=450:450,,,
ACC7,https://www.petbarn.com.au/media/catalog/product/1/4/143872_KONG_DT_WILD_KNOTS_TIGER_S-M_NKR35_3_2.jpg?optimize=medium&fit=bounds&height=450&width=450&canvas=450:450,https://www.petbarn.com.au/media/catalog/product/1/4/141631_KONG_KONG_Wild_Knots_Bear_Dog_Toy_Assorted_Xl_NKRX_5141631_KONG_KONG_Wild_Knots_Bear_Dog_Toy_Assorted_Xl_NKRX_5_1.jpg?optimize=medium&fit=bounds&height=450&width=450&canvas=450:450,https://www.petbarn.com.au/media/catalog/product/1/4/143868_KONG_DT_WILD_KNOTS_FOX_S-M_NKR34_3_2.jpg?optimize=medium&fit=bounds&height=450&width=450&canvas=450:450,,,
ACC8,https://www.petbarn.com.au/media/catalog/product/1/3/132658-TB-DT-NYL-BONE-ROAST-CHKN-XS-TTBCT-1_1.jpg?optimize=medium&fit=bounds&height=450&width=450&canvas=450:450,https://www.petbarn.com.au/media/catalog/product/1/2/123553_1_3.jpg?optimize=medium&fit=bounds&height=450&width=450&canvas=450:450,,,,
ACC9,https://www.petbarn.com.au/media/catalog/product/1/4/143669_ALD-CT-SCRTCH-CBRD-BANANA-1.jpg?optimize=medium&fit=bounds&height=450&width=450&canvas=450:450,https://www.petbarn.com.au/media/catalog/product/1/4/143689_ALD-CAT-SCRTCH-CBRD-VAN-GRN-_9.jpg?optimize=medium&fit=bounds&height=450&width=450&canvas=450:450,https://www.petbarn.com.au/media/catalog/product/C/a/Cat_143366_All-Day-Cyclindrical-Cardboard-Cat-Scratcher-WToy-Large_14.jpg?optimize=medium&fit=bounds&height=450&width=450&canvas=450:450,,,
CLEAN1,https://www.petbarn.com.au/media/catalog/product/u/r/urine-off-dog-puppy-odour-remover.jpg?optimize=medium&fit=bounds&height=450&width=450&canvas=450:450,https://www.petbarn.com.au/media/catalog/product/1/4/140121_811665016929_MAIN.jpg?optimize=medium&fit=bounds&height=450&width=450&canvas=450:450,https://www.petbarn.com.au/media/catalog/product/u/r/urine-off-dog-puppy-odour-remover.jpg?optimize=medium&fit=bounds&height=450&width=450&canvas=450:450,,,
CLEAN2,https://www.petbarn.com.au/media/catalog/product/1/3/132427-Fido_s-ChewStop-200ml.jpg?optimize=medium&fit=bounds&height=450&width=450&canvas=450:450,https://www.petbarn.com.au/media/catalog/product/2/3/23238_132428_3.jpg?optimize=medium&fit=bounds&height=450&width=450&canvas=450:450,,,,
FOOD1,https://www.petbarn.com.au/media/catalog/product/1/3/138839_savourlife_3kg_ag_lamb_1.jpg?optimize=medium&fit=bounds&height=450&width=450&canvas=450:450,https://www.petbarn.com.au/media/catalog/product/1/3/136859_savourlife_3kg_ag_chicken_1.jpg?optimize=medium&fit=bounds&height=450&width=450&canvas=450:450,https://www.petbarn.com.au/media/catalog/product/1/4/140846_am__0406_SavourLife_Cart114_AG_Adult_LEAN_CHICK_3Kg_Ft_1.jpg?optimize=medium&fit=bounds&height=450&width=450&canvas=450:450,,,
FOOD2,https://www.petbarn.com.au/media/catalog/product/1/0/10824_25721_25196_29277_9310022528507-13-_2__2_1_2.jpg?optimize=medium&fit=bounds&height=450&width=450&canvas=450:450,https://www.petbarn.com.au/media/catalog/product/1/0/10858_30753_96257_9334214002767-13-_2__2_3_2.jpg?optimize=medium&fit=bounds&height=450&width=450&canvas=450:450,https://www.petbarn.com.au/media/catalog/product/1/0/10863_96261_9334214003108-8-_6__2_3_2.jpg?optimize=medium&fit=bounds&height=450&width=450&canvas=450:450,,,
FOOD3,https://www.petbarn.com.au/media/catalog/product/3/2/32189283218928_1.jpg?optimize=medium&fit=bounds&height=450&width=450&canvas=450:450,https://www.petbarn.com.au/media/catalog/product/3/1/31713_138833_15kg-adult-oceanfish-hr-fop-_1__probalance_1.jpg?optimize=medium&fit=bounds&height=450&width=450&canvas=450:450,https://www.petbarn.com.au/media/catalog/product/3/1/31714_138831_15kg-adult-chick-hr-fop-_1__probalance_1.jpg?optimize=medium&fit=bounds&height=450&width=450&canvas=450:450,,,
FOOD4,https://www.petbarn.com.au/media/catalog/product/p/l/pl104--pure-life-dog-salmon-1.jpg?optimize=medium&fit=bounds&height=450&width=450&canvas=450:450,https://www.petbarn.com.au/media/catalog/product/p/l/pl102--pure-life-dog-chicken-1.jpg?optimize=medium&fit=bounds&height=450&width=450&canvas=450:450,https://www.petbarn.com.au/media/catalog/product/1/4/141670_Pure_Life_Pack_ADULT_DOG_GF_KANGAROO_8KG_Front_1.jpg?optimize=medium&fit=bounds&height=450&width=450&canvas=450:450,,,
FOOD5,https://www.petbarn.com.au/media/catalog/product/1/4/146670_BH-CF-ORIG-CHCK-4kg-1.jpg?optimize=medium&fit=bounds&height=450&width=450&canvas=450:450,https://www.petbarn.com.au/media/catalog/product/1/4/146672_BH-CF-ORIG-OFSH-2kg-1.jpg?optimize=medium&fit=bounds&height=450&width=450&canvas=450:450,https://www.petbarn.com.au/media/catalog/product/1/4/146678_BH-KF-ORIG-CHCK-2kg-1.jpg?optimize=medium&fit=bounds&height=450&width=450&canvas=450:450,,,
FOOD6,https://www.petbarn.com.au/media/catalog/product/1/4/143852_ADVANCE-Cat-Indoor-Chicken-with-Rice-6kg-0_1.jpg?optimize=medium&fit=bounds&height=450&width=450&canvas=450:450,https://www.petbarn.com.au/media/catalog/product/2/7/27599_136336_9334214045603-11-_2__3_1.jpg?optimize=medium&fit=bounds&height=450&width=450&canvas=450:450,https://www.petbarn.com.au/media/catalog/product/1/4/143855_ADVANCE-Kitten-Chicken-with-Rice-500g-0_1.jpg?optimize=medium&fit=bounds&height=450&width=450&canvas=450:450,,,
FTW1,https://www.petbarn.com.au/media/catalog/product/2/1/21198-ADVOCATE-CAT-F_HW_W-OR-SM-6PK-3_1.jpg?optimize=medium&fit=bounds&height=450&width=450&canvas=450:450,https://www.petbarn.com.au/media/catalog/product/2/5/25209_134728_nexgard_spectra_3_pack_front_2-3_2.jpg?optimize=medium&fit=bounds&height=450&width=450&canvas=450:450,https://www.petbarn.com.au/media/catalog/product/B/R/BRAVECTO-CAT-SPOT-ON-DUMMY-PACK-1.2-2.8kg-2-DOSE-FRONT-RENDER.jpg?optimize=medium&fit=bounds&height=450&width=450&canvas=450:450,https://www.petbarn.com.au/media/catalog/product/I/L/ILC-144261-BRAVECTO-DOG-CHEW-2PK-2-4.5KG-FRONT.jpg?optimize=medium&fit=bounds&height=450&width=450&canvas=450:450,https://www.petbarn.com.au/media/catalog/product/3/2/32101_139844_s-3-chews_front_lr_1_2.jpg?optimize=medium&fit=bounds&height=450&width=450&canvas=450:450,https://www.petbarn.com.au/media/catalog/product/I/L/ILC-146261-NGS_Cats_3_pack_front_0.jpg?optimize=medium&fit=bounds&height=450&width=450&canvas=450:450
FTW2,https://www.petbarn.com.au/media/catalog/product/I/L/ILC-141660-1_1.jpg?optimize=medium&fit=bounds&height=450&width=450&canvas=450:450,https://www.petbarn.com.au/media/catalog/product/2/5/25209_134728_nexgard_spectra_3_pack_front_2-3_2.jpg?optimize=medium&fit=bounds&height=450&width=450&canvas=450:450,https://www.petbarn.com.au/media/catalog/product/I/L/ILC-144261-BRAVECTO-DOG-CHEW-2PK-2-4.5KG-FRONT.jpg?optimize=medium&fit=bounds&height=450&width=450&canvas=450:450,https://www.petbarn.com.au/media/catalog/product/3/2/32101_139844_s-3-chews_front_lr_1_2.jpg?optimize=medium&fit=bounds&height=450&width=450&canvas=450:450,,
FTW3,https://www.petbarn.com.au/media/catalog/product/2/1/21198-ADVOCATE-CAT-F_HW_W-OR-SM-6PK-3_1.jpg?optimize=medium&fit=bounds&height=450&width=450&canvas=450:450,https://www.petbarn.com.au/media/catalog/product/B/R/BRAVECTO-CAT-SPOT-ON-DUMMY-PACK-1.2-2.8kg-2-DOSE-FRONT-RENDER.jpg?optimize=medium&fit=bounds&height=450&width=450&canvas=450:450,https://www.petbarn.com.au/media/catalog/product/I/L/ILC-146261-NGS_Cats_3_pack_front_0.jpg?optimize=medium&fit=bounds&height=450&width=450&canvas=450:450,https://www.petbarn.com.au/media/catalog/product/3/0/30156_138602_rev-plus-medium-front-6_1.jpg?optimize=medium&fit=bounds&height=450&width=450&canvas=450:450,,
GROOM1,https://www.petbarn.com.au/media/catalog/product/1/3/139426_2.jpg?optimize=medium&fit=bounds&height=450&width=450&canvas=450:450,https://www.petbarn.com.au/media/catalog/product/1/3/13215_dog_grooming_139245_furminatorfur_dg_deshed_tool_lh_med_1_002.jpg?optimize=medium&fit=bounds&height=450&width=450&canvas=450:450,https://www.petbarn.com.au/media/catalog/product/1/3/13215_dog_grooming_139245_furminatorfur_dg_deshed_tool_lh_med_1_002.jpg?optimize=medium&fit=bounds&height=450&width=450&canvas=450:450,,,
GROOM2,https://www.petbarn.com.au/media/catalog/product/D/o/Dog_141847_Bow-_-Bell-Cushion-Dog-Slicker-Black-S_1_1.jpg?optimize=medium&fit=bounds&height=450&width=450&canvas=450:450,https://www.petbarn.com.au/media/catalog/product/D/o/Dog_141849__Bow-_-Bell-Long-Hair-Dog-Dematting-Tool-Black_1.jpg?optimize=medium&fit=bounds&height=450&width=450&canvas=450:450,https://www.petbarn.com.au/media/catalog/product/D/o/Dog_3219283__Bow-_-Bell-Undercoat-Dog-Comb-Assorted_1.jpg?optimize=medium&fit=bounds&height=450&width=450&canvas=450:450,,,
GROOM4,https://www.petbarn.com.au/media/catalog/product/C/a/Cat_141841__Bow-_-Bell-Claw-Cat-Scissors_1.jpg?optimize=medium&fit=bounds&height=450&width=450&canvas=450:450,https://www.petbarn.com.au/media/catalog/product/C/a/Cat_3219266__Bow-_-Bell-Cat-Slicker-Brush-Assorted_1.jpg?optimize=medium&fit=bounds&height=450&width=450&canvas=450:450,https://www.petbarn.com.au/media/catalog/product/C/a/Cat_3219268__Bow-_-Bell-Pin-Bristle-Cat-Brush-Assorted_1.jpg?optimize=medium&fit=bounds&height=450&width=450&canvas=450:450,,,
HEALTH1,https://www.petbarn.com.au/media/catalog/product/1/3/130942_645095001015_main_1_1.jpg?optimize=medium&fit=bounds&height=450&width=450&canvas=450:450,https://www.petbarn.com.au/media/catalog/product/1/3/130941_645095001299_main.jpg?optimize=medium&fit=bounds&height=450&width=450&canvas=450:450,https://www.petbarn.com.au/media/catalog/product/1/3/130938_645095001008_pt3_2.jpg?optimize=medium&fit=bounds&height=450&width=450&canvas=450:450,https://www.petbarn.com.au/media/catalog/product/1/4/140606_645095001152_main.jpg?optimize=medium&fit=bounds&height=450&width=450&canvas=450:450,https://www.petbarn.com.au/media/catalog/product/1/3/130939_645095001497_main.jpg?optimize=medium&fit=bounds&height=450&width=450&canvas=450:450,
HEALTH2,https://www.petbarn.com.au/media/catalog/product/1/1/119697-1_1.jpg?optimize=medium&fit=bounds&height=450&width=450&canvas=450:450,https://www.petbarn.com.au/media/catalog/product/1/1/119700-1.jpg?optimize=medium&fit=bounds&height=450&width=450&canvas=450:450,https://www.petbarn.com.au/media/catalog/product/1/1/119697-1_1.jpg?optimize=medium&fit=bounds&height=450&width=450&canvas=450:450,https://www.petbarn.com.au/media/catalog/product/1/1/119698-1_1.jpg?optimize=medium&fit=bounds&height=450&width=450&canvas=450:450,,
HEALTH3,https://www.petbarn.com.au/media/catalog/product/I/L/ILC_144139_Zamipet_Probiotics_Carton_Gut_Front.jpg?optimize=medium&fit=bounds&height=450&width=450&canvas=450:450,https://www.petbarn.com.au/media/catalog/product/I/L/ILC_144140_Zamipet_Probiotics_Carton_Relax_Front.jpg?optimize=medium&fit=bounds&height=450&width=450&canvas=450:450,,,,
HEALTH4,https://www.petbarn.com.au/media/catalog/product/I/L/ILC-144144-Zylkene_75mg_box-front1-solo1.jpg?optimize=medium&fit=bounds&height=450&width=450&canvas=450:450,https://www.petbarn.com.au/media/catalog/product/I/L/ILC-144146-Zylkene-Chew-Pouch_445MGAU.jpg?optimize=medium&fit=bounds&height=450&width=450&canvas=450:450,https://www.petbarn.com.au/media/catalog/product/I/L/ILC-144145-Zylkene-Chew-Pouch-225MGAU.jpg?optimize=medium&fit=bounds&height=450&width=450&canvas=450:450,,,
HEALTH5,https://www.petbarn.com.au/media/catalog/product/1/3/130939_645095001497_main.jpg?optimize=medium&fit=bounds&height=450&width=450&canvas=450:450,https://www.petbarn.com.au/media/catalog/product/1/4/140606_645095001152_main.jpg?optimize=medium&fit=bounds&height=450&width=450&canvas=450:450,https://www.petbarn.com.au/media/catalog/product/1/4/144658-1.jpg?optimize=medium&fit=bounds&height=450&width=450&canvas=450:450,,,
LITTER1,https://www.petbarn.com.au/media/catalog/product/1/4/146403_BC-CAT-LITT-PLUS-PROBIOTIC-30L-1.jpg?optimize=medium&fit=bounds&height=450&width=450&canvas=450:450,,,,,
LITTER2,https://www.petbarn.com.au/media/catalog/product/1/4/144732_MICHU-CAT-LITT-TOFU-PEACH-6L-1a.jpg?optimize=medium&fit=bounds&height=450&width=450&canvas=450:450,https://www.petbarn.com.au/media/catalog/product/1/4/144735_MICHU-CAT-LITT-TOFU-GRNTEA-6L-1a.jpg?optimize=medium&fit=bounds&height=450&width=450&canvas=450:450,,,,
LITTER3,https://www.petbarn.com.au/media/catalog/product/1/4/141878_FCO-CAT-LITT-TOFU-GR-TEA-3.5kg.jpg?optimize=medium&fit=bounds&height=450&width=450&canvas=450:450,https://www.petbarn.com.au/media/catalog/product/1/4/141879_FCO-CAT-LITT-TOFU-ORG-3.5kg.jpg?optimize=medium&fit=bounds&height=450&width=450&canvas=450:450,,,,
MTL1,https://www.petbarn.com.au/media/catalog/product/1/4/143578_TB_DT_NYL_TRIO_CHKN_BONE_XS_2_1.jpg?optimize=medium&fit=bounds&height=450&width=450&canvas=450:450,https://www.petbarn.com.au/media/catalog/product/1/4/143580_TB_DT_NYL_TRIO_PBUTTER_BONE_XS_1_1.jpg?optimize=medium&fit=bounds&height=450&width=450&canvas=450:450,https://www.petbarn.com.au/media/catalog/product/1/4/143576_TB_DT_NYL_TRIO_BACON_BONE_S_2_1.jpg?optimize=medium&fit=bounds&height=450&width=450&canvas=450:450,,,
TREAT1,https://www.petbarn.com.au/media/catalog/product/1/4/141654_1141654_1.jpg?optimize=medium&fit=bounds&height=450&width=450&canvas=450:450,https://www.petbarn.com.au/media/catalog/product/1/4/141655_1141655_1.jpg?optimize=medium&fit=bounds&height=450&width=450&canvas=450:450,https://www.petbarn.com.au/media/catalog/product/1/4/143456square.jpg?optimize=medium&fit=bounds&height=450&width=450&canvas=450:450,,,
TREAT2,https://www.petbarn.com.au/media/catalog/product/1/4/143667.jpg?optimize=medium&fit=bounds&height=450&width=450&canvas=450:450,https://www.petbarn.com.au/media/catalog/product/3/2/3218888_1.jpg?optimize=medium&fit=bounds&height=450&width=450&canvas=450:450,https://www.petbarn.com.au/media/catalog/product/3/2/3218870_1.jpg?optimize=medium&fit=bounds&height=450&width=450&canvas=450:450,,,
TREAT3,https://www.petbarn.com.au/media/catalog/product/1/3/133072-australian-kangaroo-training-treats-165g-render-front.jpg?optimize=medium&fit=bounds&height=450&width=450&canvas=450:450,https://www.petbarn.com.au/media/catalog/product/1/4/142922-Australian-Puppy-Training-Treats-165g-render-FRONT.jpg?optimize=medium&fit=bounds&height=450&width=450&canvas=450:450,https://www.petbarn.com.au/media/catalog/product/1/3/133073-australian-chicken-training-treats-165g-render-front.jpg?optimize=medium&fit=bounds&height=450&width=450&canvas=450:450,,,
TREAT4,https://www.petbarn.com.au/media/catalog/product/1/4/146328_sku-isle-and-sky-chicken-necks-large.jpg?optimize=medium&fit=bounds&height=450&width=450&canvas=450:450,https://www.petbarn.com.au/media/catalog/product/1/4/146327_sku-isle-and-sky-chicken-wingtips-large.jpg?optimize=medium&fit=bounds&height=450&width=450&canvas=450:450,https://www.petbarn.com.au/media/catalog/product/1/4/146329_sku-isle-and-sky-chicken-neck-bites-large.jpg?optimize=medium&fit=bounds&height=450&width=450&canvas=450:450,,,
